Time,CPU Usage (%),Memory Usage (%),Disk Read (MB),Disk Write (MB),Download Speed (KB/s),Upload Speed (KB/s)
05:50:10,10.7,81.5,36382.81,19474.63,8.29,5.3
05:50:12,47.7,84.5,36403.47,19476.9,0.6,3.22
05:50:14,5.3,84.4,36404.9,19478.43,7.76,6.05
05:50:16,11.5,85.0,36455.57,19479.05,18.52,11.28
05:50:18,7.4,85.0,36456.59,19480.02,0.13,0.05
05:50:20,16.4,84.1,36457.72,19480.65,10.15,2.39
05:50:22,14.1,83.9,36457.92,19481.05,0.3,0.21
05:50:24,8.7,83.8,36458.68,19481.43,0.31,0.23
05:50:26,20.7,84.5,36485.11,19482.1,5.15,11.57
05:50:28,21.4,85.8,36521.63,19483.53,68.23,43.92
05:50:31,5.4,85.9,36524.0,19484.44,10.59,4.34
05:50:33,25.7,86.3,36573.54,19484.9,3.47,41.0
05:50:35,3.7,86.4,36576.25,19486.16,20.16,8.55
05:50:37,20.5,86.2,36581.09,19486.73,10.12,6.3
05:50:39,28.8,86.6,36616.89,19488.42,17.4,52.73
05:50:41,19.5,87.4,36650.51,19490.69,16.03,8.38
05:50:43,17.0,87.5,36653.34,19492.86,0.08,0.09
05:50:50,7.9,86.9,36657.51,19496.86,19.98,14.61
05:50:52,8.5,87.2,36657.58,19497.09,0.08,0.22
05:50:57,8.6,87.0,36658.31,19498.45,1.15,1.16
05:50:59,6.4,87.2,36659.14,19499.12,0.23,0.12
05:51:01,5.6,87.1,36659.53,19499.47,0.33,0.16
05:51:03,9.0,86.7,36660.38,19499.63,0.52,0.73
05:51:05,10.0,86.4,36660.51,19499.66,0.08,0.0
05:51:07,23.5,87.4,36697.19,19500.04,0.33,0.07
05:51:09,22.6,90.2,36937.0,19500.6,8.35,4.58
05:51:11,18.9,89.9,36981.43,19541.01,574.58,70.03
05:51:13,11.8,90.4,37032.63,19542.83,112.37,10.03
05:51:16,3.7,90.3,37035.5,19544.49,2.0,1.21
05:51:18,13.8,90.3,37035.99,19545.42,0.18,0.13
05:51:20,12.2,89.0,37036.86,19546.99,0.24,0.23
05:51:22,7.0,89.1,37037.71,19547.26,0.5,0.33
05:51:24,5.7,89.1,37037.92,19547.81,0.26,0.32
05:51:26,4.6,89.1,37038.11,19548.27,1.01,3.55
05:51:28,5.9,89.1,37038.17,19548.51,0.0,0.0
05:51:30,5.8,89.0,37038.21,19548.67,0.04,0.04
05:51:32,5.6,89.0,37038.24,19548.83,0.06,0.61
05:51:34,3.9,89.0,37038.26,19548.86,5.86,3.72
05:51:36,4.1,89.1,37038.42,19549.15,0.0,0.0
05:51:38,4.7,88.2,37038.96,19549.18,0.18,0.13
05:51:40,8.0,88.2,37039.16,19549.36,6.54,9.24
05:51:42,5.7,88.2,37039.44,19549.63,2.31,0.8
05:51:44,10.5,88.2,37039.63,19550.33,0.06,0.05
05:51:46,6.6,88.2,37039.76,19550.7,0.14,0.05
05:51:48,7.5,88.2,37039.91,19550.76,0.05,0.05
05:51:50,8.4,88.3,37040.4,19550.85,0.0,0.0
05:51:52,5.8,88.2,37040.52,19550.89,0.0,0.16
05:51:54,4.3,87.9,37040.56,19550.94,0.13,0.05
05:51:57,3.4,87.9,37040.82,19551.52,0.26,0.19
05:51:59,7.0,87.9,37040.82,19551.55,0.0,0.0
05:52:01,5.9,87.9,37040.82,19551.69,0.0,0.0
05:52:03,15.5,87.9,37040.88,19551.74,0.42,0.61
05:52:05,4.1,87.9,37042.06,19551.78,0.3,0.28
05:52:07,9.5,87.9,37043.33,19552.31,1.18,2.08
05:52:09,12.6,87.9,37043.73,19552.48,14.34,23.42
05:52:11,7.2,88.0,37043.83,19553.01,0.53,0.35
05:52:13,4.9,88.0,37043.89,19553.08,0.04,0.04
05:52:15,4.1,87.9,37044.14,19553.42,5.84,22.22
05:52:17,17.6,85.5,37044.37,19553.81,0.76,0.34
05:52:19,6.2,85.6,37044.8,19554.47,0.11,0.16
05:52:21,4.6,85.6,37044.86,19554.51,0.16,0.16
05:52:23,6.2,85.7,37044.86,19554.55,0.13,0.21
05:52:25,7.0,86.0,37044.91,19554.74,0.72,3.54
05:52:27,6.6,86.2,37045.02,19555.04,0.0,0.0
05:52:29,7.2,86.2,37045.02,19555.06,0.06,0.05
05:52:32,11.2,86.1,37045.02,19555.11,0.06,0.05
05:52:34,6.4,86.1,37045.02,19555.13,1.27,2.19
05:52:36,6.0,86.1,37047.4,19561.69,0.32,0.26
05:52:38,2.2,86.1,37047.4,19561.73,0.36,0.24
05:52:40,9.7,86.0,37047.45,19561.81,1.38,8.9
05:52:42,3.7,85.9,37047.61,19561.84,0.06,0.05
05:52:44,6.8,85.9,37047.61,19561.88,0.0,0.0
05:52:46,5.9,85.8,37047.73,19562.14,0.23,0.17
05:52:48,9.6,86.1,37047.95,19562.17,0.05,0.05
05:52:49,14.1,85.8,37048.14,19562.17,0.06,0.05
05:52:51,14.3,85.5,37048.39,19562.45,0.05,0.0
05:52:53,6.1,84.8,37050.84,19562.47,0.42,0.54
